{"TemplateContainer":{"uid":"2.25.5193251223454676651352562958658288953","name":"PluginTemplates","authors":"amsnyder","version":"2.0","creationDate":"2018-02-13","description":"All plugin templates can be part of this group","xsi:schemaLocation":"gme://caCORE.caCORE/3.2/edu.northwestern.radiology.AIMTemplate AIMTemplate_v1rv23.xsd","xmlns":"gme://caCORE.caCORE/3.2/edu.northwestern.radiology.AIMTemplate","xmlns:xsi":"http://www.w3.org/2001/XMLSchema-instance","Template":[{"templateType":"Image","uid":"2.25.25859751765092867484884935345061902199","name":"sampleplugin","authors":"lamping","version":"2.0","creationDate":"2018-02-13","description":"Template used to start the sampleplugin plugin.","codeMeaning":"sampleplugin","codeValue":"smp-1","codingSchemeDesignator":"99EPAD","codingSchemeVersion":"1.0","Component":[{"label":"Geomtric shape","itemNumber":0,"authors":"Daniel Rubin","explanatoryText":"plugin geometric shape correction","minCardinality":1,"maxCardinality":1,"shouldDisplay":true,"id":"2.25.7139485201281.2147918892020.145090474711","GeometricShape":"AnyShape"}]}]}}