{"TemplateContainer":{"uid":"2.25.5886502342623758457547593170234","name":"VK Template","authors":"The AIM team","version":"2.0","creationDate":"2018-02-13","description":"This template is used to collect annotations for RECIST evaluation","xsi:schemaLocation":"gme://caCORE.caCORE/3.2/edu.northwestern.radiology.AIMTemplate AIMTemplate_v2rv13.xsd","xmlns":"gme://caCORE.caCORE/3.2/edu.northwestern.radiology.AIMTemplate","xmlns:xsi":"http://www.w3.org/2001/XMLSchema-instance","Template":[{"uid":"2.25.14127115639382804046523562737575775778671","name":"RECIST_v2","authors":"epaduser","version":"2.0","creationDate":"2018-02-13","description":"Template used for RECIST measurements","codeMeaning":"Tumor assessment","codeValue":"RECIST_v2","codingSchemeDesignator":"99EPAD","codingSchemeVersion":"1.0","Component":[{"label":"Location","itemNumber":1,"authors":"epaduser","explanatoryText":"Anatomic Location of lesion","minCardinality":1,"maxCardinality":1,"shouldDisplay":true,"id":"2.25.4369054531089.1305416223173.217635712047","AnatomicEntity":{"annotatorConfidence":false},"AllowedTerm":[{"codeValue":"RID58","codeMeaning":"liver","codingSchemeDesignator":"RadLex"},{"codeValue":"RID170","codeMeaning":"pancreas","codingSchemeDesignator":"RadLex"},{"codeValue":"RID86","codeMeaning":"spleen","codingSchemeDesignator":"RadLex"},{"codeValue":"RID1362","codeMeaning":"pleura","codingSchemeDesignator":"RadLex"},{"codeValue":"RID34539","codeMeaning":"pleural effusion","codingSchemeDesignator":"RadLex"},{"codeValue":"RID1326","codeMeaning":"left lung","codingSchemeDesignator":"RadLex"},{"codeValue":"RID1302","codeMeaning":"right lung","codingSchemeDesignator":"RadLex"},{"codeValue":"RID1327","codeMeaning":"left upper lobe","codingSchemeDesignator":"RadLex"},{"codeValue":"RID1338","codeMeaning":"left lower lobe","codingSchemeDesignator":"RadLex"},{"codeValue":"RID1303","codeMeaning":"right upper lobe","codingSchemeDesignator":"RadLex"},{"codeValue":"RID1310","codeMeaning":"right middle lobe","codingSchemeDesignator":"RadLex"},{"codeValue":"RID1315","codeMeaning":"right lower lobe","codingSchemeDesignator":"RadLex"},{"codeValue":"RID1310","codeMeaning":"middle lobe of lung","codingSchemeDesignator":"RadLex"},{"codeValue":"RID1301","codeMeaning":"lung","codingSchemeDesignator":"RadLex"},{"codeValue":"RID29663","codeMeaning":"left kidney","codingSchemeDesignator":"RadLex"},{"codeValue":"RID29662","codeMeaning":"right kidney","codingSchemeDesignator":"RadLex"},{"codeValue":"RID205","codeMeaning":"kidney","codingSchemeDesignator":"RadLex"},{"codeValue":"RID6434","codeMeaning":"brain","codingSchemeDesignator":"RadLex"},{"codeValue":"RID397","codeMeaning":"peritoneal cavity","codingSchemeDesignator":"RadLex"},{"codeValue":"RID431","codeMeaning":"retroperitoneum","codingSchemeDesignator":"RadLex"},{"codeValue":"RID30325","codeMeaning":"left adrenal gland","codingSchemeDesignator":"RadLex"},{"codeValue":"RID30324","codeMeaning":"right adrenal gland","codingSchemeDesignator":"RadLex"},{"codeValue":"RID88","codeMeaning":"adrenal gland","codingSchemeDesignator":"RadLex"},{"codeValue":"RID237","codeMeaning":"bladder","codingSchemeDesignator":"RadLex"},{"codeValue":"RID13197","codeMeaning":"bone","codingSchemeDesignator":"RadLex"},{"codeValue":"RID187","codeMeaning":"gallbladder","codingSchemeDesignator":"RadLex"},{"codeValue":"RID94","codeMeaning":"gastrointestinal tract","codingSchemeDesignator":"RadLex"},{"codeValue":"RID13296","codeMeaning":"lymph node","codingSchemeDesignator":"RadLex"},{"codeValue":"RID29251","codeMeaning":"omentum","codingSchemeDesignator":"RadLex"},{"codeValue":"RID32830","codeMeaning":"left ovary","codingSchemeDesignator":"RadLex"},{"codeValue":"RID32829","codeMeaning":"right ovary","codingSchemeDesignator":"RadLex"},{"codeValue":"RID290","codeMeaning":"ovary","codingSchemeDesignator":"RadLex"},{"codeValue":"RID2617","codeMeaning":"pelvic cavity","codingSchemeDesignator":"RadLex"},{"codeValue":"RID2507","codeMeaning":"pelvis","codingSchemeDesignator":"RadLex"},{"codeValue":"RID302","codeMeaning":"uterus","codingSchemeDesignator":"RadLex"},{"codeValue":"RID325","codeMeaning":"vagina","codingSchemeDesignator":"RadLex"},{"codeValue":"RID343","codeMeaning":"prostate","codingSchemeDesignator":"RadLex"},{"codeValue":"RID38594","codeMeaning":"bone marrow","codingSchemeDesignator":"RadLex"},{"codeValue":"RID31011","codeMeaning":"colon","codingSchemeDesignator":"RadLex"},{"codeValue":"RID95","codeMeaning":"esophagus","codingSchemeDesignator":"RadLex"},{"codeValue":"RID28749","codeMeaning":"breast","codingSchemeDesignator":"RadLex"},{"codeValue":"RID1384","codeMeaning":"mediastinum","codingSchemeDesignator":"RadLex"},{"codeValue":"RID410","codeMeaning":"peritoneum","codingSchemeDesignator":"RadLex"},{"codeValue":"RID163","codeMeaning":"rectum","codingSchemeDesignator":"RadLex"},{"codeValue":"RID34290","codeMeaning":"skin","codingSchemeDesignator":"RadLex"},{"codeValue":"RID7578","codeMeaning":"thyroid gland","codingSchemeDesignator":"RadLex"},{"codeValue":"RID34854","codeMeaning":"tonsil","codingSchemeDesignator":"RadLex"},{"codeValue":"RID132","codeMeaning":"small intestine","codingSchemeDesignator":"RadLex"},{"codeValue":"S99","codeMeaning":"undefined organ","codingSchemeDesignator":"99EPAD"},{"codeValue":"RID7488","codeMeaning":"neck","codingSchemeDesignator":"RadLex"},{"codeValue":"RID396","codeMeaning":"perineum","codingSchemeDesignator":"RadLex"},{"codeValue":"RID32691","codeMeaning":"anal canal","codingSchemeDesignator":"RadLex"},{"codeValue":"RID164","codeMeaning":"anus","codingSchemeDesignator":"RadLex"},{"codeValue":"RID168","codeMeaning":"appendix","codingSchemeDesignator":"RadLex"},{"codeValue":"RID154","codeMeaning":"cecum","codingSchemeDesignator":"RadLex"},{"codeValue":"RID134","codeMeaning":"duodenum","codingSchemeDesignator":"RadLex"},{"codeValue":"RID31553","codeMeaning":"cervical part of esophagus","codingSchemeDesignator":"RadLex"},{"codeValue":"RID30346","codeMeaning":"left uterine tube","codingSchemeDesignator":"RadLex"},{"codeValue":"RID30345","codeMeaning":"right uterine tube","codingSchemeDesignator":"RadLex"},{"codeValue":"RID295","codeMeaning":"uterine tube","codingSchemeDesignator":"RadLex"},{"codeValue":"RID29380","codeMeaning":"adipose tissue","codingSchemeDesignator":"RadLex"},{"codeValue":"RID1394","codeMeaning":"aortic valve","codingSchemeDesignator":"RadLex"},{"codeValue":"RID29225","codeMeaning":"apex of heart","codingSchemeDesignator":"RadLex"},{"codeValue":"RID1391","codeMeaning":"left atrial appendage","codingSchemeDesignator":"RadLex"},{"codeValue":"RID1388","codeMeaning":"right atrial appendage","codingSchemeDesignator":"RadLex"},{"codeValue":"RID1390","codeMeaning":"left atrium","codingSchemeDesignator":"RadLex"},{"codeValue":"RID1387","codeMeaning":"right atrium","codingSchemeDesignator":"RadLex"},{"codeValue":"RID1404","codeMeaning":"interventricular septum","codingSchemeDesignator":"RadLex"},{"codeValue":"RID1395","codeMeaning":"mitral valve","codingSchemeDesignator":"RadLex"},{"codeValue":"RID1396","codeMeaning":"pulmonic valve","codingSchemeDesignator":"RadLex"},{"codeValue":"RID1397","codeMeaning":"tricuspid valve","codingSchemeDesignator":"RadLex"},{"codeValue":"RID1392","codeMeaning":"left ventricle","codingSchemeDesignator":"RadLex"},{"codeValue":"RID1389","codeMeaning":"right ventricle","codingSchemeDesignator":"RadLex"},{"codeValue":"RID1385","codeMeaning":"heart","codingSchemeDesignator":"RadLex"},{"codeValue":"RID33180","codeMeaning":"mesentery","codingSchemeDesignator":"RadLex"},{"codeValue":"RID32802","codeMeaning":"musculature of back","codingSchemeDesignator":"RadLex"},{"codeValue":"RID39054","codeMeaning":"muscle of lower limb","codingSchemeDesignator":"RadLex"},{"codeValue":"RID2624","codeMeaning":"psoas muscle","codingSchemeDesignator":"RadLex"},{"codeValue":"RID31610","codeMeaning":"rectus abdominis","codingSchemeDesignator":"RadLex"},{"codeValue":"RID39501","codeMeaning":"muscle of pectoral girdle","codingSchemeDesignator":"RadLex"},{"codeValue":"RID39061","codeMeaning":"external anal sphincter","codingSchemeDesignator":"RadLex"},{"codeValue":"RID165","codeMeaning":"anal sphincter ","codingSchemeDesignator":"RadLex"},{"codeValue":"RID2694","codeMeaning":"skeletal muscle of thigh","codingSchemeDesignator":"RadLex"},{"codeValue":"RID39497","codeMeaning":"muscle of thorax","codingSchemeDesignator":"RadLex"},{"codeValue":"RID39053","codeMeaning":"muscle of upper limb","codingSchemeDesignator":"RadLex"},{"codeValue":"RID32753","codeMeaning":"musculature","codingSchemeDesignator":"RadLex"},{"codeValue":"RID9554","codeMeaning":"paranasal sinus","codingSchemeDesignator":"RadLex"},{"codeValue":"RID9544","codeMeaning":"nasal vestibule","codingSchemeDesignator":"RadLex"},{"codeValue":"RID10030","codeMeaning":"naris","codingSchemeDesignator":"RadLex"},{"codeValue":"RID35751","codeMeaning":"orbital cavity","codingSchemeDesignator":"RadLex"},{"codeValue":"RID30091","codeMeaning":"major duodenal papilla","codingSchemeDesignator":"RadLex"},{"codeValue":"RID30092","codeMeaning":"minor duodenal papilla","codingSchemeDesignator":"RadLex"},{"codeValue":"RID362","codeMeaning":"penis","codingSchemeDesignator":"RadLex"},{"codeValue":"RID1407","codeMeaning":"pericardium","codingSchemeDesignator":"RadLex"},{"codeValue":"RID32521","codeMeaning":"rectal ampulla","codingSchemeDesignator":"RadLex"},{"codeValue":"RID357","codeMeaning":"seminal vesicle","codingSchemeDesignator":"RadLex"},{"codeValue":"RID151","codeMeaning":"terminal ileum","codingSchemeDesignator":"RadLex"},{"codeValue":"RID150","codeMeaning":"ileum","codingSchemeDesignator":"RadLex"},{"codeValue":"RID148","codeMeaning":"jejunum","codingSchemeDesignator":"RadLex"},{"codeValue":"RID30014","codeMeaning":"wall of abdomen","codingSchemeDesignator":"RadLex"},{"codeValue":"RID7361","codeMeaning":"spinal cord","codingSchemeDesignator":"RadLex"},{"codeValue":"RID119","codeMeaning":"antrum of stomach","codingSchemeDesignator":"RadLex"},{"codeValue":"RID117","codeMeaning":"body of stomach","codingSchemeDesignator":"RadLex"},{"codeValue":"RID115","codeMeaning":"gastric cardia","codingSchemeDesignator":"RadLex"},{"codeValue":"RID116","codeMeaning":"gastric fundus","codingSchemeDesignator":"RadLex"},{"codeValue":"RID124","codeMeaning":"greater curvature of stomach","codingSchemeDesignator":"RadLex"},{"codeValue":"RID125","codeMeaning":"lesser curvature of stomach","codingSchemeDesignator":"RadLex"},{"codeValue":"RID30332","codeMeaning":"pyloric canal","codingSchemeDesignator":"RadLex"},{"codeValue":"RID114","codeMeaning":"stomach","codingSchemeDesignator":"RadLex"},{"codeValue":"RID38997","codeMeaning":"left testis","codingSchemeDesignator":"RadLex"},{"codeValue":"RID38996","codeMeaning":"right testis","codingSchemeDesignator":"RadLex"},{"codeValue":"RID366","codeMeaning":"testis","codingSchemeDesignator":"RadLex"},{"codeValue":"RID33647","codeMeaning":"transverse fold of rectum","codingSchemeDesignator":"RadLex"},{"codeValue":"RID30845","codeMeaning":"left ureter","codingSchemeDesignator":"RadLex"},{"codeValue":"RID30844","codeMeaning":"right ureter","codingSchemeDesignator":"RadLex"},{"codeValue":"RID229","codeMeaning":"ureter","codingSchemeDesignator":"RadLex"},{"codeValue":"RID272","codeMeaning":"vulva","codingSchemeDesignator":"RadLex"}]},{"label":"Lesion Quality","itemNumber":2,"authors":"epaduser","minCardinality":1,"maxCardinality":1,"shouldDisplay":true,"id":"2.25.4369054531658.1305416223742.217635712095","ImagingObservation":{"annotatorConfidence":false,"ImagingObservationCharacteristic":[{"label":"Timepoint","itemNumber":1,"authors":"epaduser","explanatoryText":"Timepoint of lesion","minCardinality":1,"maxCardinality":1,"shouldDisplay":true,"id":"2.25.4369054532228.1305416224313.217635712143","annotatorConfidence":false,"AllowedTerm":[{"codeValue":"S90","codeMeaning":"FU Number (0=Baseline)","codingSchemeDesignator":"99EPAD","codingSchemeVersion":"1.0","CharacteristicQuantification":[{"name":"Timepoint","annotatorConfidence":false,"characteristicQuantificationIndex":0,"Scale":{"scaleType":"Nominal","ScaleLevel":[{"value":"0","valueLabel":"Baseline","valueDescription":"T0"},{"value":"1","valueLabel":"FU1","valueDescription":"T1"},{"value":"2","valueLabel":"FU2","valueDescription":"T2"},{"value":"3","valueLabel":"FU3","valueDescription":"T3"},{"value":"4","valueLabel":"FU4","valueDescription":"T4"},{"value":"5","valueLabel":"FU5","valueDescription":"T5"},{"value":"6","valueLabel":"FU6","valueDescription":"T6"},{"value":"7","valueLabel":"FU7","valueDescription":"T7"},{"value":"8","valueLabel":"FU8","valueDescription":"T8"},{"value":"9","valueLabel":"FU9","valueDescription":"T9"},{"value":"10","valueLabel":"FU10","valueDescription":"T10"},{"value":"11","valueLabel":"FU11","valueDescription":"T11"},{"value":"12","valueLabel":"FU12","valueDescription":"T12"},{"value":"13","valueLabel":"FU13","valueDescription":"T13"},{"value":"14","valueLabel":"FU14","valueDescription":"T14"},{"value":"15","valueLabel":"FU15","valueDescription":"T15"},{"value":"16","valueLabel":"FU16","valueDescription":"T16"},{"value":"17","valueLabel":"FU17","valueDescription":"T17"},{"value":"18","valueLabel":"FU18","valueDescription":"T18"},{"value":"19","valueLabel":"FU19","valueDescription":"T19"},{"value":"20","valueLabel":"FU20","valueDescription":"T20"},{"value":"21","valueLabel":"FU21","valueDescription":"T21"},{"value":"22","valueLabel":"FU22","valueDescription":"T22"},{"value":"23","valueLabel":"FU23","valueDescription":"T23"},{"value":"24","valueLabel":"FU24","valueDescription":"T24"},{"value":"25","valueLabel":"FU25","valueDescription":"T25"},{"value":"26","valueLabel":"FU26","valueDescription":"T26"},{"value":"27","valueLabel":"FU27","valueDescription":"T27"},{"value":"28","valueLabel":"FU28","valueDescription":"T28"},{"value":"29","valueLabel":"FU29","valueDescription":"T29"}]}}]}]},{"label":"Type","itemNumber":2,"authors":"epaduser","explanatoryText":"Type of lesion","minCardinality":1,"maxCardinality":1,"shouldDisplay":true,"id":"2.25.4369054532228.1305416224313.217635712144","annotatorConfidence":false,"AllowedTerm":[{"codeValue":"S71","codeMeaning":"Target Lesion","codingSchemeDesignator":"99EPAD","codingSchemeVersion":"1.0"},{"codeValue":"S72","codeMeaning":"Non-Target Lesion","codingSchemeDesignator":"99EPAD","codingSchemeVersion":"1.0"},{"codeValue":"S75","codeMeaning":"Non-cancer Lesion","codingSchemeDesignator":"99EPAD","codingSchemeVersion":"1.0"}]},{"label":"Lesion Status","itemNumber":3,"authors":"epaduser","explanatoryText":"Status of lesion","minCardinality":1,"maxCardinality":1,"shouldDisplay":true,"annotatorConfidence":false,"id":"2.25.436905441089.13054168484973.21324571207","AllowedTerm":[{"codeValue":"RID28472","codeMeaning":"Present Lesion","codingSchemeDesignator":"RadLex"},{"codeValue":"RID39162","codeMeaning":"Progressive Lesion","codingSchemeDesignator":"RadLex"},{"codeValue":"S73","codeMeaning":"New Lesion","codingSchemeDesignator":"99EPAD","codingSchemeVersion":"1.0"},{"codeValue":"S74","codeMeaning":"Resolved Lesion","codingSchemeDesignator":"99EPAD","codingSchemeVersion":"1.0"}]},{"label":"Lesion Enhancement","itemNumber":3,"authors":"epaduser","explanatoryText":"Enhancement state of lesion","minCardinality":0,"maxCardinality":1,"shouldDisplay":true,"annotatorConfidence":false,"id":"2.25.436905441089.13054164543173.217634571207","AllowedTerm":[{"codeValue":"RID6055","codeMeaning":"Enhancing","codingSchemeDesignator":"RadLex"},{"codeValue":"RID6056","codeMeaning":"Nonenhancing","codingSchemeDesignator":"RadLex"}]}]},"AllowedTerm":[{"codeValue":"S86","codeMeaning":"Evaluable","codingSchemeDesignator":"99EPAD","codingSchemeVersion":"1.0","defaultAnswer":true},{"codeValue":"RID39225","codeMeaning":"Nonevaluable","codingSchemeDesignator":"Radlex"}]}]}]}}