{"TemplateContainer":{"uid":"2.25.204872184019311045891474108817855993","name":"SEG Only Template","authors":"The AIM team","version":"2.0","creationDate":"2018-02-13","description":"This template is used to collect SEG only from readers.","xsi:schemaLocation":"gme://caCORE.caCORE/3.2/edu.northwestern.radiology.AIMTemplate AIMTemplate_v2rv13.xsd","xmlns":"gme://caCORE.caCORE/3.2/edu.northwestern.radiology.AIMTemplate","xmlns:xsi":"http://www.w3.org/2001/XMLSchema-instance","Template":[{"templateType":"Image","uid":"2.25.158009446295858919844005345466577161979","name":"SEGOnly","authors":"dwillrett","version":"2.0","creationDate":"2018-02-13","description":"Template used for collecting only SEGs","codingSchemeVersion":"1.0","codeMeaning":"SEG Only","codeValue":"SEG","codingSchemeDesignator":"99EPAD","Component":[{"label":"Label","itemNumber":0,"authors":"Default User","minCardinality":1,"maxCardinality":1,"shouldDisplay":true,"id":"2.25.160559461531180601689784456811019731675","Label":"Label"}]}]}}